item_id,category,user_text,focus
01,direct_short,Hai cộng hai bằng mấy? Chỉ trả lời kết quả.,vào ý chính
02,direct_short,Thủ đô Việt Nam là gì? Trả lời thật ngắn.,vào ý chính
03,explanation,Giải thích ngắn gọn vì sao bầu trời có màu xanh.,nhịp giải thích
04,question,Bạn có thể cho tôi biết hồ Hoàn Kiếm ở đâu không?,ngữ điệu câu hỏi
05,confirmation,Tôi muốn nhắc lại lịch hẹn vào ngày 30/09/2026.,đọc ngày
06,money,Đọc lại giúp tôi số tiền 1.250.000 đồng.,đọc tiền
07,identifier,Đọc từng chữ số của tài khoản giả 1234 5678.,không gộp dãy số
08,name,Đường Nguyễn Thị Minh Khai ở thành phố Hồ Chí Minh.,tên riêng
09,abbreviation,TP.HCM là viết tắt của gì?,từ viết tắt
10,search_found,Tra cứu Wikipedia giúp tôi hồ Hoàn Kiếm nằm ở đâu.,ACK kết quả và nguồn
11,search_unavailable,Giá vàng SJC hôm nay bao nhiêu?,không bịa dữ liệu mới
12,turn_pause,Tôi muốn chuyển tiền cho... số tài khoản giả 1234 5678.,giữ đủ hai nửa câu
13,interruption,Nghe câu giải thích dài rồi chen ngang bằng “Dừng lại trả lời ngắn thôi”.,dừng và đổi ý
14,clarification,Nói một dãy số mờ để ASR trả confidence thấp.,hỏi lại một chi tiết
