item_id,category,user_text
01,direct_short,Hai cộng hai bằng mấy? Chỉ trả lời kết quả.
02,direct_short,Thủ đô Việt Nam là gì? Trả lời thật ngắn.
03,explanation,Giải thích ngắn gọn vì sao bầu trời có màu xanh.
04,search_found,Bạn có thể cho tôi biết hồ Hoàn Kiếm ở đâu không?
05,date,Tôi muốn nhắc lại lịch hẹn vào ngày 30/09/2026.
06,money,Đọc lại giúp tôi số tiền 1.250.000 đồng.
07,identifier,Đọc từng chữ số của tài khoản giả 1234 5678.
08,name,Đường Nguyễn Thị Minh Khai ở thành phố Hồ Chí Minh nằm ở đâu?
09,abbreviation,TP.HCM là viết tắt của gì?
10,confirmation,Tôi đã hiểu rồi. Hãy xác nhận bằng một câu ngắn.
11,explanation,Giải thích ngắn gọn vì sao cần ngủ đủ giấc.
12,question,Tôi có thể hỏi bạn thêm một câu nữa không?
