reviewer,pair,text,sample,pronunciation_1_5,rhythm_1_5,smoothness_1_5,name_number_correct,notes
1,1,Bằng bốn.,pair-01-A.wav,,,,,
2,1,Bằng bốn.,pair-01-A.wav,,,,,
3,1,Bằng bốn.,pair-01-A.wav,,,,,
4,1,Bằng bốn.,pair-01-A.wav,,,,,
5,1,Bằng bốn.,pair-01-A.wav,,,,,
1,1,Bằng bốn.,pair-01-B.wav,,,,,
2,1,Bằng bốn.,pair-01-B.wav,,,,,
3,1,Bằng bốn.,pair-01-B.wav,,,,,
4,1,Bằng bốn.,pair-01-B.wav,,,,,
5,1,Bằng bốn.,pair-01-B.wav,,,,,
1,2,Hà Nội.,pair-02-A.wav,,,,,
2,2,Hà Nội.,pair-02-A.wav,,,,,
3,2,Hà Nội.,pair-02-A.wav,,,,,
4,2,Hà Nội.,pair-02-A.wav,,,,,
5,2,Hà Nội.,pair-02-A.wav,,,,,
1,2,Hà Nội.,pair-02-B.wav,,,,,
2,2,Hà Nội.,pair-02-B.wav,,,,,
3,2,Hà Nội.,pair-02-B.wav,,,,,
4,2,Hà Nội.,pair-02-B.wav,,,,,
5,2,Hà Nội.,pair-02-B.wav,,,,,
1,3,"Số điện thoại là 0901234567, giá ba triệu năm trăm nghìn đồng.",pair-03-A.wav,,,,,
2,3,"Số điện thoại là 0901234567, giá ba triệu năm trăm nghìn đồng.",pair-03-A.wav,,,,,
3,3,"Số điện thoại là 0901234567, giá ba triệu năm trăm nghìn đồng.",pair-03-A.wav,,,,,
4,3,"Số điện thoại là 0901234567, giá ba triệu năm trăm nghìn đồng.",pair-03-A.wav,,,,,
5,3,"Số điện thoại là 0901234567, giá ba triệu năm trăm nghìn đồng.",pair-03-A.wav,,,,,
1,3,"Số điện thoại là 0901234567, giá ba triệu năm trăm nghìn đồng.",pair-03-B.wav,,,,,
2,3,"Số điện thoại là 0901234567, giá ba triệu năm trăm nghìn đồng.",pair-03-B.wav,,,,,
3,3,"Số điện thoại là 0901234567, giá ba triệu năm trăm nghìn đồng.",pair-03-B.wav,,,,,
4,3,"Số điện thoại là 0901234567, giá ba triệu năm trăm nghìn đồng.",pair-03-B.wav,,,,,
5,3,"Số điện thoại là 0901234567, giá ba triệu năm trăm nghìn đồng.",pair-03-B.wav,,,,,
1,4,Ánh sáng mặt trời gồm nhiều màu.,pair-04-A.wav,,,,,
2,4,Ánh sáng mặt trời gồm nhiều màu.,pair-04-A.wav,,,,,
3,4,Ánh sáng mặt trời gồm nhiều màu.,pair-04-A.wav,,,,,
4,4,Ánh sáng mặt trời gồm nhiều màu.,pair-04-A.wav,,,,,
5,4,Ánh sáng mặt trời gồm nhiều màu.,pair-04-A.wav,,,,,
1,4,Ánh sáng mặt trời gồm nhiều màu.,pair-04-B.wav,,,,,
2,4,Ánh sáng mặt trời gồm nhiều màu.,pair-04-B.wav,,,,,
3,4,Ánh sáng mặt trời gồm nhiều màu.,pair-04-B.wav,,,,,
4,4,Ánh sáng mặt trời gồm nhiều màu.,pair-04-B.wav,,,,,
5,4,Ánh sáng mặt trời gồm nhiều màu.,pair-04-B.wav,,,,,
1,5,Nguyễn Hoàng Anh đặt chỗ mã AB123.,pair-05-A.wav,,,,,
2,5,Nguyễn Hoàng Anh đặt chỗ mã AB123.,pair-05-A.wav,,,,,
3,5,Nguyễn Hoàng Anh đặt chỗ mã AB123.,pair-05-A.wav,,,,,
4,5,Nguyễn Hoàng Anh đặt chỗ mã AB123.,pair-05-A.wav,,,,,
5,5,Nguyễn Hoàng Anh đặt chỗ mã AB123.,pair-05-A.wav,,,,,
1,5,Nguyễn Hoàng Anh đặt chỗ mã AB123.,pair-05-B.wav,,,,,
2,5,Nguyễn Hoàng Anh đặt chỗ mã AB123.,pair-05-B.wav,,,,,
3,5,Nguyễn Hoàng Anh đặt chỗ mã AB123.,pair-05-B.wav,,,,,
4,5,Nguyễn Hoàng Anh đặt chỗ mã AB123.,pair-05-B.wav,,,,,
5,5,Nguyễn Hoàng Anh đặt chỗ mã AB123.,pair-05-B.wav,,,,,
1,6,Bầu trời có màu xanh vì ánh sáng xanh bị không khí tán xạ mạnh hơn các màu khác.,pair-06-A.wav,,,,,
2,6,Bầu trời có màu xanh vì ánh sáng xanh bị không khí tán xạ mạnh hơn các màu khác.,pair-06-A.wav,,,,,
3,6,Bầu trời có màu xanh vì ánh sáng xanh bị không khí tán xạ mạnh hơn các màu khác.,pair-06-A.wav,,,,,
4,6,Bầu trời có màu xanh vì ánh sáng xanh bị không khí tán xạ mạnh hơn các màu khác.,pair-06-A.wav,,,,,
5,6,Bầu trời có màu xanh vì ánh sáng xanh bị không khí tán xạ mạnh hơn các màu khác.,pair-06-A.wav,,,,,
1,6,Bầu trời có màu xanh vì ánh sáng xanh bị không khí tán xạ mạnh hơn các màu khác.,pair-06-B.wav,,,,,
2,6,Bầu trời có màu xanh vì ánh sáng xanh bị không khí tán xạ mạnh hơn các màu khác.,pair-06-B.wav,,,,,
3,6,Bầu trời có màu xanh vì ánh sáng xanh bị không khí tán xạ mạnh hơn các màu khác.,pair-06-B.wav,,,,,
4,6,Bầu trời có màu xanh vì ánh sáng xanh bị không khí tán xạ mạnh hơn các màu khác.,pair-06-B.wav,,,,,
5,6,Bầu trời có màu xanh vì ánh sáng xanh bị không khí tán xạ mạnh hơn các màu khác.,pair-06-B.wav,,,,,
