item_id,baseline_wav,candidate_wav,category
01,item-01-g3.wav,item-01-g4.wav,direct_short
02,item-02-g3.wav,item-02-g4.wav,direct_short
03,item-03-g3.wav,item-03-g4.wav,explanation
04,item-04-g3.wav,item-04-g4.wav,search_found
05,item-05-g3.wav,item-05-g4.wav,date
06,item-06-g3.wav,item-06-g4.wav,money
07,item-07-g3.wav,item-07-g4.wav,identifier
08,item-08-g3.wav,item-08-g4.wav,name
09,item-09-g3.wav,item-09-g4.wav,abbreviation
10,item-10-g3.wav,item-10-g4.wav,confirmation
11,item-11-g3.wav,item-11-g4.wav,explanation
12,item-12-g3.wav,item-12-g4.wav,question
